{
  "document_id": "18/1997 Sb.",
  "source_path": "data/Sb_1997_18_2017-01-01_IZ.pdf",
  "num_sections": 67,
  "hierarchy_depth": 6,
  "num_roots": 3,
  "num_tables": 0,
  "sections": [
    {
      "section_id": "sec_1",
      "title": "",
      "content": "",
      "level": 1,
      "depth": 1,
      "path": "ČÁST I",
      "page_number": 1,
      "content_length": 0
    },
    {
      "section_id": "sec_2",
      "title": "OBČANSKOPRÁVNÍ ODPOVĚDNOST ZA JADERNÉ ŠKODY",
      "content": "",
      "level": 2,
      "depth": 2,
      "path": "ČÁST I > HLAVA PÁTÁ",
      "page_number": 1,
      "content_length": 0
    },
    {
      "section_id": "sec_3",
      "title": "",
      "content": "",
      "level": 4,
      "depth": 4,
      "path": "ČÁST I > HLAVA PÁTÁ > § 32",
      "page_number": 1,
      "content_length": 0
    },
    {
      "section_id": "sec_4",
      "title": "",
      "content": "Pro účely občanskoprávní odpovědnosti za jaderné škody se použijí ustanovení mezinárodní smlouvy,26) kterou je Česká republika vázána.",
      "level": 5,
      "depth": 5,
      "path": "ČÁST I > HLAVA PÁTÁ > § 32 > (1)",
      "page_number": 1,
      "content_length": 134
    },
    {
      "section_id": "sec_5",
      "title": "",
      "content": "Ustanovení občanského zákoníku se použijí jen tehdy, nestanoví-li mezinárodní smlouva26) nebo tento zákon jinak.",
      "level": 5,
      "depth": 5,
      "path": "ČÁST I > HLAVA PÁTÁ > § 32 > (2)",
      "page_number": 1,
      "content_length": 112
    },
    {
      "section_id": "sec_6",
      "title": "",
      "content": "",
      "level": 4,
      "depth": 4,
      "path": "ČÁST I > HLAVA PÁTÁ > § 33",
      "page_number": 1,
      "content_length": 0
    },
    {
      "section_id": "sec_7",
      "title": "",
      "content": "Držitel povolení k provozu jaderného zařízení29) nebo k jakékoliv činnosti spojené s užíváním jaderného zařízení nebo držitel povolení k přepravě jaderných materiálů30) je provozovatelem31) odpovědným za jadernou škodu32) podle mezinárodní smlouvy,26) kterou je Česká republika vázána.",
      "level": 5,
      "depth": 5,
      "path": "ČÁST I > HLAVA PÁTÁ > § 33 > (1)",
      "page_number": 1,
      "content_length": 285
    },
    {
      "section_id": "sec_8",
      "title": "",
      "content": "Pokud jedna osoba je držitelem povolení k více jaderným zařízením nacházejícím se na území, pro něž byl schválen společný vnitřní havarijní plán, jsou tato zařízení považována pro účely odpovědnosti za jaderné škody za jedno jaderné zařízení. Za jedno jaderné zařízení ve vztahu k odpovědnosti za jaderné škody však nelze považovat více jaderných zařízení, ke kterým mají povolení různé osoby, i když tato zařízení na sebe přímo navazují.",
      "level": 5,
      "depth": 5,
      "path": "ČÁST I > HLAVA PÁTÁ > § 33 > (2)",
      "page_number": 1,
      "content_length": 438
    },
    {
      "section_id": "sec_9",
      "title": "",
      "content": "",
      "level": 4,
      "depth": 4,
      "path": "ČÁST I > HLAVA PÁTÁ > § 34",
      "page_number": 1,
      "content_length": 0
    },
    {
      "section_id": "sec_10",
      "title": "",
      "content": "Při stanovení rozsahu a způsobu náhrady jaderné škody se použijí ustanovení občanského zákoníku. Pro stanovení výše škody se použijí předpisy platné v době vzniku jaderné události,33) která jadernou škodu způsobila.",
      "level": 5,
      "depth": 5,
      "path": "ČÁST I > HLAVA PÁTÁ > § 34 > (1)",
      "page_number": 1,
      "content_length": 215
    },
    {
      "section_id": "sec_11",
      "title": "",
      "content": "Jadernou škodou je také škoda vzniklá vynaložením nákladů na nezbytná opatření k odvrácení nebo snížení ozáření nebo k obnovení původního nebo obdobného stavu životního prostředí, pokud byla tato opatření vyvolána v důsledku jaderné události a povaha škody to umožňuje.",
      "level": 5,
      "depth": 5,
      "path": "ČÁST I > HLAVA PÁTÁ > § 34 > (2)",
      "page_number": 2,
      "content_length": 269
    },
    {
      "section_id": "sec_12",
      "title": "",
      "content": "Státní úřad pro jadernou bezpečnost (dále jen „Úřad“) stanoví vyhláškou limity koncentrace a množství jaderného materiálu, na které se ustanovení o jaderných škodách v souladu s mezinárodní smlouvou34) nevztahují.",
      "level": 5,
      "depth": 5,
      "path": "ČÁST I > HLAVA PÁTÁ > § 34 > (3)",
      "page_number": 2,
      "content_length": 213
    },
    {
      "section_id": "sec_13",
      "title": "",
      "content": "Odpovědnost držitele povolení za jadernou škodu způsobenou každou jednotlivou jadernou událostí je omezena v případě",
      "level": 4,
      "depth": 4,
      "path": "ČÁST I > HLAVA PÁTÁ > § 35",
      "page_number": 2,
      "content_length": 116
    },
    {
      "section_id": "sec_14",
      "title": "",
      "content": "jaderných zařízení pro energetické účely,35) skladů a úložišť vyhořelého jaderného paliva, určeného pro tato zařízení, nebo jaderných materiálů, vzniklých zpracováním tohoto paliva, na částku 8 mld. Kč,",
      "level": 6,
      "depth": 6,
      "path": "ČÁST I > HLAVA PÁTÁ > § 35 > a)",
      "page_number": 2,
      "content_length": 202
    },
    {
      "section_id": "sec_15",
      "title": "",
      "content": "ostatních jaderných zařízení a přeprav na částku 2 mld. Kč.",
      "level": 6,
      "depth": 6,
      "path": "ČÁST I > HLAVA PÁTÁ > § 35 > b)",
      "page_number": 2,
      "content_length": 59
    },
    {
      "section_id": "sec_16",
      "title": "",
      "content": "",
      "level": 4,
      "depth": 4,
      "path": "ČÁST I > HLAVA PÁTÁ > § 36",
      "page_number": 2,
      "content_length": 0
    },
    {
      "section_id": "sec_17",
      "title": "",
      "content": "Držitel povolení podle § 33 je povinen sjednat pojištění své vzniku povinnosti k náhradě jaderné škody s pojistitelem oprávněným podle zvláštního zákona,36) pokud není stanoveno jiné finanční zajištění pro případ vzniku povinnosti k náhradě jaderné škody.",
      "level": 5,
      "depth": 5,
      "path": "ČÁST I > HLAVA PÁTÁ > § 36 > (1)",
      "page_number": 2,
      "content_length": 255
    },
    {
      "section_id": "sec_18",
      "title": "",
      "content": "Ministerstvo financí v dohodě s Úřadem a Ministerstvem průmyslu a obchodu stanoví formou rozhodnutí o výjimce z odstavce 1 v zájmu hospodárného vynakládání státních prostředků, u kterého držitele povolení se namísto pojištění vyžaduje jiné finanční zajištění pro případ vzniku povinnosti k náhradě jaderné škody.",
      "level": 5,
      "depth": 5,
      "path": "ČÁST I > HLAVA PÁTÁ > § 36 > (2)",
      "page_number": 2,
      "content_length": 312
    },
    {
      "section_id": "sec_19",
      "title": "",
      "content": "Limit pojistného plnění v případech podle § 35 písm. a) nesmí být nižší než 2 mld. Kč, v případech podle § 35 písm. b) nižší než 300 mil. Kč.",
      "level": 5,
      "depth": 5,
      "path": "ČÁST I > HLAVA PÁTÁ > § 36 > (3)",
      "page_number": 2,
      "content_length": 141
    },
    {
      "section_id": "sec_20",
      "title": "",
      "content": "Pojištění se uzavírá nebo jiné finanční zajištění se stanoví zvlášť pro každé jaderné zařízení nebo přepravu jaderných materiálů ve smyslu § 33 odst. 2.",
      "level": 5,
      "depth": 5,
      "path": "ČÁST I > HLAVA PÁTÁ > § 36 > (4)",
      "page_number": 2,
      "content_length": 152
    },
    {
      "section_id": "sec_21",
      "title": "",
      "content": "Bližší podmínky jiného finančního zajištění stanoví Ministerstvo financí.",
      "level": 5,
      "depth": 5,
      "path": "ČÁST I > HLAVA PÁTÁ > § 36 > (5)",
      "page_number": 2,
      "content_length": 73
    },
    {
      "section_id": "sec_22",
      "title": "",
      "content": "",
      "level": 4,
      "depth": 4,
      "path": "ČÁST I > HLAVA PÁTÁ > § 37",
      "page_number": 2,
      "content_length": 0
    },
    {
      "section_id": "sec_23",
      "title": "",
      "content": "Stát poskytuje záruku za uspokojení přiznaných nároků na náhradu jaderné škody, pokud nejsou uhrazeny z povinného pojištění nebo jiného stanoveného finančního zajištění, a to do částky",
      "level": 5,
      "depth": 5,
      "path": "ČÁST I > HLAVA PÁTÁ > § 37 > (1)",
      "page_number": 2,
      "content_length": 184
    },
    {
      "section_id": "sec_24",
      "title": "",
      "content": "8 mld. Kč po vyčerpání plnění pojistitele v rozsahu 2 mld. Kč v případech zařízení podle § 35 písm. a),",
      "level": 6,
      "depth": 6,
      "path": "ČÁST I > HLAVA PÁTÁ > § 37 > (1) > a)",
      "page_number": 2,
      "content_length": 103
    },
    {
      "section_id": "sec_25",
      "title": "",
      "content": "2 mld. Kč po vyčerpání plnění pojistitele v rozsahu 300 mil. Kč v případech zařízení podle § 35 písm. b).",
      "level": 6,
      "depth": 6,
      "path": "ČÁST I > HLAVA PÁTÁ > § 37 > (1) > b)",
      "page_number": 2,
      "content_length": 105
    },
    {
      "section_id": "sec_26",
      "title": "",
      "content": "Právo státu jako ručitele na postih za uspokojení přiznaných nároků na náhradu jaderné škody vůči držiteli povolení není dotčeno.",
      "level": 5,
      "depth": 5,
      "path": "ČÁST I > HLAVA PÁTÁ > § 37 > (2)",
      "page_number": 2,
      "content_length": 129
    },
    {
      "section_id": "sec_27",
      "title": "",
      "content": "",
      "level": 4,
      "depth": 4,
      "path": "ČÁST I > HLAVA PÁTÁ > § 38",
      "page_number": 3,
      "content_length": 0
    },
    {
      "section_id": "sec_28",
      "title": "",
      "content": "Právo na náhradu jaderné škody se promlčí, jestliže nárok na její náhradu nebyl uplatněn ve lhůtě tří let ode dne, kdy se poškozený o události, která vedla k jaderné škodě, a o tom, kdo za ni odpovídá, dozvěděl nebo mohl dozvědět, nejpozději však ve lhůtě deseti let ode dne vzniku takové události; v případě pojištění začínají tyto lhůty běžet uplynutím jednoho roku ode dne vzniku pojistné události.",
      "level": 5,
      "depth": 5,
      "path": "ČÁST I > HLAVA PÁTÁ > § 38 > (1)",
      "page_number": 3,
      "content_length": 401
    },
    {
      "section_id": "sec_29",
      "title": "",
      "content": "Držitel povolení je v případě, kdy u něj dojde ke vzniku jaderné události, povinen písemně oznámit v oblasti ovlivněné touto událostí podle zjištění Úřadu na základě činnosti celostátní radiační monitorovací sítě, že má povinnost k náhradě jaderné škody způsobené touto událostí. Toto písemné oznámení musí být veřejně přístupné u držitele povolení a na příslušném krajském úřadu a na všech obecních úřadech v této oblasti.",
      "level": 5,
      "depth": 5,
      "path": "ČÁST I > HLAVA PÁTÁ > § 38 > (2)",
      "page_number": 3,
      "content_length": 423
    },
    {
      "section_id": "sec_30",
      "title": "DOPLNĚNÍ ZÁKONA ČESKÉ NÁRODNÍ RADY Č. 586/1992 SB., O DANÍCH Z PŘÍJMŮ, VE ZNĚNÍ POZDĚJŠÍCH PŘEDPISŮ",
      "content": "",
      "level": 1,
      "depth": 1,
      "path": "ČÁST IV",
      "page_number": 3,
      "content_length": 0
    },
    {
      "section_id": "sec_31",
      "title": "",
      "content": "Zákon České národní rady č. 586/1992 Sb., o daních z příjmů, ve znění zákona České národní rady č. 35/1993 Sb., zákona č. 96/1993 Sb., zákona č. 157/1993 Sb., zákona č. 196/1993 Sb., zákona č. 323/1993 Sb., zákona č. 42/1994 Sb., zákona č. 85/1994 Sb., zákona č. 114/1994 Sb., zákona č. 259/1994 Sb., zákona č. 32/1995 Sb., zákona č. 87/1995 Sb., zákona č. 118/1995 Sb., zákona č. 149/1995 Sb., zákona č. 248/1995 Sb. a zákona č. 316/1996 Sb., se doplňuje takto:\nV § 18 odst. 2 písm. b) se tečka nahrazuje čárkou a vkládá se nové písmeno c), které včetně poznámky č. 19e) zní:",
      "level": 4,
      "depth": 4,
      "path": "ČÁST IV > § 45",
      "page_number": 3,
      "content_length": 576
    },
    {
      "section_id": "sec_32",
      "title": "",
      "content": "příjmy z vlastní činnosti Správy úložišť radioaktivních odpadů19e) s výjimkou příjmů podléhajících zvláštní sazbě daně vybírané srážkou podle § 36 tohoto zákona.",
      "level": 6,
      "depth": 6,
      "path": "ČÁST IV > § 45 > c)",
      "page_number": 3,
      "content_length": 161
    },
    {
      "section_id": "sec_33",
      "title": "",
      "content": "§ 26 odst. 8 zákona č. 18/1997 Sb., o mírovém využívání jaderné energie a ionizujícího záření (atomový zákon) a o změně a doplnění některých zákonů.“.",
      "level": 6,
      "depth": 6,
      "path": "ČÁST IV > § 45 > 19e)",
      "page_number": 3,
      "content_length": 150
    },
    {
      "section_id": "sec_34",
      "title": "USTANOVENÍ SPOLEČNÁ, PŘECHODNÁ A ZÁVĚREČNÁ",
      "content": "",
      "level": 1,
      "depth": 1,
      "path": "ČÁST V",
      "page_number": 3,
      "content_length": 0
    },
    {
      "section_id": "sec_35",
      "title": "Závěrečná ustanovení",
      "content": "Zrušují se:",
      "level": 4,
      "depth": 4,
      "path": "ČÁST V > § 49",
      "page_number": 3,
      "content_length": 11
    },
    {
      "section_id": "sec_36",
      "title": "",
      "content": "Zákon č. 287/1993 Sb., o působnosti Státního úřadu pro jadernou bezpečnost, ve znění zákona č. 85/1995 Sb.",
      "level": 6,
      "depth": 6,
      "path": "ČÁST V > § 49 > 1.",
      "page_number": 3,
      "content_length": 106
    },
    {
      "section_id": "sec_37",
      "title": "",
      "content": "Zákon č. 28/1984 Sb., o státním dozoru nad jadernou bezpečností jaderných zařízení.",
      "level": 6,
      "depth": 6,
      "path": "ČÁST V > § 49 > 2.",
      "page_number": 4,
      "content_length": 83
    },
    {
      "section_id": "sec_38",
      "title": "",
      "content": "Vyhláška Ministerstva zdravotnictví České socialistické republiky č. 59/1972 Sb., o ochraně zdraví před ionizujícím zářením.",
      "level": 6,
      "depth": 6,
      "path": "ČÁST V > § 49 > 3.",
      "page_number": 4,
      "content_length": 124
    },
    {
      "section_id": "sec_39",
      "title": "",
      "content": "Vyhláška Československé komise pro atomovou energii č. 28/1977 Sb., o evidenci a kontrole jaderných materiálů, ve znění vyhlášky č. 100/1989 Sb.",
      "level": 6,
      "depth": 6,
      "path": "ČÁST V > § 49 > 4.",
      "page_number": 4,
      "content_length": 144
    },
    {
      "section_id": "sec_40",
      "title": "",
      "content": "Vyhláška Československé komise pro atomovou energii č. 67/1987 Sb., o zajištění jaderné bezpečnosti při zacházení s radioaktivními odpady.",
      "level": 6,
      "depth": 6,
      "path": "ČÁST V > § 49 > 5.",
      "page_number": 4,
      "content_length": 138
    },
    {
      "section_id": "sec_41",
      "title": "",
      "content": "Vyhláška Československé komise pro atomovou energii č. 100/1989 Sb., o bezpečnostní ochraně jaderných zařízení a jaderných materiálů.",
      "level": 6,
      "depth": 6,
      "path": "ČÁST V > § 49 > 6.",
      "page_number": 4,
      "content_length": 133
    },
    {
      "section_id": "sec_42",
      "title": "",
      "content": "Vyhláška Československé komise pro atomovou energii č. 191/1989 Sb., kterou se stanoví způsob, lhůty a podmínky ověřování zvláštní odborné způsobilosti vybraných pracovníků jaderných zařízení.",
      "level": 6,
      "depth": 6,
      "path": "ČÁST V > § 49 > 7.",
      "page_number": 4,
      "content_length": 192
    },
    {
      "section_id": "sec_43",
      "title": "",
      "content": "Vyhláška Československé komise pro atomovou energii č. 436/1990 Sb., o zajištění jakosti vybraných zařízení z hlediska jaderné bezpečnosti jaderných zařízení.",
      "level": 6,
      "depth": 6,
      "path": "ČÁST V > § 49 > 8.",
      "page_number": 4,
      "content_length": 158
    },
    {
      "section_id": "sec_44",
      "title": "",
      "content": "Vyhláška Ministerstva zdravotnictví České republiky č. 76/1991 Sb., o požadavcích na omezování ozáření z radonu a dalších přírodních radionuklidů.",
      "level": 6,
      "depth": 6,
      "path": "ČÁST V > § 49 > 9.",
      "page_number": 4,
      "content_length": 146
    },
    {
      "section_id": "sec_45",
      "title": "",
      "content": "Výnos Československé komise pro atomovou energii č. 2/1978 o zajištění jaderné bezpečnosti při navrhování, povolování a provádění staveb s jaderně energetickým zařízením (registrován v částce 28/1978 Sb.).",
      "level": 6,
      "depth": 6,
      "path": "ČÁST V > § 49 > 10.",
      "page_number": 4,
      "content_length": 205
    },
    {
      "section_id": "sec_46",
      "title": "",
      "content": "Výnos Československé komise pro atomovou energii č. 4/1979 o obecných kritériích zajištění jaderné bezpečnosti při umisťování staveb s jaderně energetickým zařízením (registrován v částce 9/1979 Sb.).",
      "level": 6,
      "depth": 6,
      "path": "ČÁST V > § 49 > 11.",
      "page_number": 4,
      "content_length": 200
    },
    {
      "section_id": "sec_47",
      "title": "",
      "content": "Výnos Československé komise pro atomovou energii č. 6/1980 o zajištění jaderné bezpečnosti při spouštění a provozu jaderně energetických zařízení (registrován v částce 13/1980 Sb.).",
      "level": 6,
      "depth": 6,
      "path": "ČÁST V > § 49 > 12.",
      "page_number": 4,
      "content_length": 181
    },
    {
      "section_id": "sec_48",
      "title": "",
      "content": "Výnos Československé komise pro atomovou energii č. 8/1981 o zkoušení zařízení pro přepravu a ukládání radioaktivních materiálů (registrován v částce 20/1981 Sb.).",
      "level": 6,
      "depth": 6,
      "path": "ČÁST V > § 49 > 13.",
      "page_number": 4,
      "content_length": 163
    },
    {
      "section_id": "sec_49",
      "title": "",
      "content": "Výnos Československé komise pro atomovou energii č. 9/1985 o zajištění jaderné bezpečnosti výzkumných jaderných zařízení (registrován v částce 11/1985 Sb.).",
      "level": 6,
      "depth": 6,
      "path": "ČÁST V > § 49 > 14.",
      "page_number": 4,
      "content_length": 156
    },
    {
      "section_id": "sec_50",
      "title": "",
      "content": "Tento zákon nabývá účinnosti dnem 1. července 1997, s výjimkou hlavy čtvrté a páté a § 48, které nabývají účinnosti dnem vyhlášení.",
      "level": 4,
      "depth": 4,
      "path": "ČÁST V > § 50",
      "page_number": 4,
      "content_length": 131
    },
    {
      "section_id": "sec_51",
      "title": "",
      "content": "§ 11 zákona č. 22/1997 Sb., ve znění pozdějších předpisů.",
      "level": 6,
      "depth": 6,
      "path": "Poznámky pod čarou > 2b)",
      "page_number": 5,
      "content_length": 57
    },
    {
      "section_id": "sec_52",
      "title": "",
      "content": "Zákon č. 164/2001 Sb., o přírodních léčivých zdrojích, zdrojích přírodních minerálních vod, přírodních léčivých lázních a lázeňských místech a o změně některých souvisejících zákonů (lázeňský zákon).",
      "level": 6,
      "depth": 6,
      "path": "Poznámky pod čarou > 3b)",
      "page_number": 5,
      "content_length": 199
    },
    {
      "section_id": "sec_53",
      "title": "",
      "content": "Vídeňská úmluva o občanskoprávní odpovědnosti za jaderné škody a Společný protokol týkající se aplikace Vídeňské úmluvy a Pařížské úmluvy, vyhlášené pod č. 133/1994 Sb.",
      "level": 6,
      "depth": 6,
      "path": "Poznámky pod čarou > 26)",
      "page_number": 5,
      "content_length": 168
    },
    {
      "section_id": "sec_54",
      "title": "",
      "content": "Zákon č. 40/1964 Sb., ve znění pozdějších předpisů.",
      "level": 6,
      "depth": 6,
      "path": "Poznámky pod čarou > 27)",
      "page_number": 5,
      "content_length": 51
    },
    {
      "section_id": "sec_55",
      "title": "",
      "content": "§ 5 odst. 2 zákona ČNR č. 425/1990 Sb., o okresních úřadech, úpravě jejich působnosti a o některých dalších opatřeních s tím souvisejících, ve znění zákona č. 254/1994 Sb.",
      "level": 6,
      "depth": 6,
      "path": "Poznámky pod čarou > 28)",
      "page_number": 5,
      "content_length": 171
    },
    {
      "section_id": "sec_56",
      "title": "",
      "content": "Čl. I bod 1 písm. j) Vídeňské úmluvy o občanskoprávní odpovědnosti za jaderné škody.",
      "level": 6,
      "depth": 6,
      "path": "Poznámky pod čarou > 29)",
      "page_number": 5,
      "content_length": 84
    },
    {
      "section_id": "sec_57",
      "title": "",
      "content": "Čl. I bod 1 písm. h) Vídeňské úmluvy o občanskoprávní odpovědnosti za jaderné škody.",
      "level": 6,
      "depth": 6,
      "path": "Poznámky pod čarou > 30)",
      "page_number": 5,
      "content_length": 84
    },
    {
      "section_id": "sec_58",
      "title": "",
      "content": "Čl. I bod 1 písm. c) Vídeňské úmluvy o občanskoprávní odpovědnosti za jaderné škody.",
      "level": 6,
      "depth": 6,
      "path": "Poznámky pod čarou > 31)",
      "page_number": 5,
      "content_length": 84
    },
    {
      "section_id": "sec_59",
      "title": "",
      "content": "Čl. I bod 1 písm. k) Vídeňské úmluvy o občanskoprávní odpovědnosti za jaderné škody.",
      "level": 6,
      "depth": 6,
      "path": "Poznámky pod čarou > 32)",
      "page_number": 5,
      "content_length": 84
    },
    {
      "section_id": "sec_60",
      "title": "",
      "content": "Čl. I bod 1 písm. l) Vídeňské úmluvy o občanskoprávní odpovědnosti za jaderné škody.",
      "level": 6,
      "depth": 6,
      "path": "Poznámky pod čarou > 33)",
      "page_number": 5,
      "content_length": 84
    },
    {
      "section_id": "sec_61",
      "title": "",
      "content": "Čl. I bod 2 Vídeňské úmluvy o občanskoprávní odpovědnosti za jaderné škody.",
      "level": 6,
      "depth": 6,
      "path": "Poznámky pod čarou > 34)",
      "page_number": 5,
      "content_length": 75
    },
    {
      "section_id": "sec_62",
      "title": "",
      "content": "Zákon č. 222/1994 Sb.",
      "level": 6,
      "depth": 6,
      "path": "Poznámky pod čarou > 35)",
      "page_number": 5,
      "content_length": 21
    },
    {
      "section_id": "sec_63",
      "title": "",
      "content": "Zákon ČNR č. 185/1991 Sb., o pojišťovnictví, ve znění pozdějších předpisů.",
      "level": 6,
      "depth": 6,
      "path": "Poznámky pod čarou > 36)",
      "page_number": 5,
      "content_length": 74
    },
    {
      "section_id": "sec_64",
      "title": "",
      "content": "Zákon č. 133/2000 Sb., o evidenci obyvatel a rodných číslech a o změně některých zákonů (zákon o evidenci obyvatel), ve znění pozdějších předpisů.",
      "level": 6,
      "depth": 6,
      "path": "Poznámky pod čarou > 38a)",
      "page_number": 5,
      "content_length": 146
    },
    {
      "section_id": "sec_65",
      "title": "",
      "content": "§ 1 zákona č. 133/2000 Sb., ve znění zákona č. 53/2004 Sb.",
      "level": 6,
      "depth": 6,
      "path": "Poznámky pod čarou > 38b)",
      "page_number": 5,
      "content_length": 58
    },
    {
      "section_id": "sec_66",
      "title": "",
      "content": "Zákon č. 40/1993 Sb., o nabývání a pozbývání státního občanství České republiky, ve znění pozdějších předpisů.",
      "level": 6,
      "depth": 6,
      "path": "Poznámky pod čarou > 38c)",
      "page_number": 5,
      "content_length": 110
    },
    {
      "section_id": "sec_67",
      "title": "",
      "content": "Čl. 81 Smlouvy o založení Evropského společenství pro atomovou energii.",
      "level": 6,
      "depth": 6,
      "path": "Poznámky pod čarou > 42)",
      "page_number": 5,
      "content_length": 71
    }
  ]
}