{
  "document_id": "18/1997 Sb.",
  "source_path": "data/Sb_1997_18_2017-01-01_IZ.pdf",
  "num_sections": 67,
  "hierarchy_depth": 6,
  "num_roots": 3,
  "num_tables": 0,
  "sections": [
    {
      "section_id": "sec_1",
      "title": "Úvodní ustanovení",
      "content": "",
      "level": 1,
      "depth": 1,
      "path": "ČÁST I",
      "page_number": 0,
      "content_length": 0
    },
    {
      "section_id": "sec_2",
      "title": "OBČANSKOPRÁVNÍ ODPOVĚDNOST ZA JADERNÉ ŠKODY",
      "content": "",
      "level": 2,
      "depth": 2,
      "path": "ČÁST I > HLAVA PÁTÁ",
      "page_number": 0,
      "content_length": 0
    },
    {
      "section_id": "sec_3",
      "title": "Odpovědnost za jaderné škody",
      "content": "",
      "level": 4,
      "depth": 4,
      "path": "ČÁST I > HLAVA PÁTÁ > § 32",
      "page_number": 1,
      "content_length": 0
    },
    {
      "section_id": "sec_4",
      "title": "",
      "content": "",
      "level": 5,
      "depth": 5,
      "path": "ČÁST I > HLAVA PÁTÁ > § 32 > (1)",
      "page_number": 1,
      "content_length": 0
    },
    {
      "section_id": "sec_5",
      "title": "",
      "content": "",
      "level": 5,
      "depth": 5,
      "path": "ČÁST I > HLAVA PÁTÁ > § 32 > (2)",
      "page_number": 1,
      "content_length": 0
    },
    {
      "section_id": "sec_6",
      "title": "Provozovatel odpovědný za jadernou škodu",
      "content": "",
      "level": 4,
      "depth": 4,
      "path": "ČÁST I > HLAVA PÁTÁ > § 33",
      "page_number": 1,
      "content_length": 0
    },
    {
      "section_id": "sec_7",
      "title": "",
      "content": "",
      "level": 5,
      "depth": 5,
      "path": "ČÁST I > HLAVA PÁTÁ > § 33 > (1)",
      "page_number": 1,
      "content_length": 0
    },
    {
      "section_id": "sec_8",
      "title": "",
      "content": "",
      "level": 5,
      "depth": 5,
      "path": "ČÁST I > HLAVA PÁTÁ > § 33 > (2)",
      "page_number": 1,
      "content_length": 0
    },
    {
      "section_id": "sec_9",
      "title": "Rozsah a způsob náhrady jaderné škody",
      "content": "",
      "level": 4,
      "depth": 4,
      "path": "ČÁST I > HLAVA PÁTÁ > § 34",
      "page_number": 1,
      "content_length": 0
    },
    {
      "section_id": "sec_10",
      "title": "",
      "content": "",
      "level": 5,
      "depth": 5,
      "path": "ČÁST I > HLAVA PÁTÁ > § 34 > (1)",
      "page_number": 1,
      "content_length": 0
    },
    {
      "section_id": "sec_11",
      "title": "",
      "content": "",
      "level": 5,
      "depth": 5,
      "path": "ČÁST I > HLAVA PÁTÁ > § 34 > (2)",
      "page_number": 2,
      "content_length": 0
    },
    {
      "section_id": "sec_12",
      "title": "",
      "content": "",
      "level": 5,
      "depth": 5,
      "path": "ČÁST I > HLAVA PÁTÁ > § 34 > (3)",
      "page_number": 2,
      "content_length": 0
    },
    {
      "section_id": "sec_13",
      "title": "Omezení odpovědnosti za jadernou škodu",
      "content": "",
      "level": 4,
      "depth": 4,
      "path": "ČÁST I > HLAVA PÁTÁ > § 35",
      "page_number": 2,
      "content_length": 0
    },
    {
      "section_id": "sec_14",
      "title": "",
      "content": "",
      "level": 6,
      "depth": 6,
      "path": "ČÁST I > HLAVA PÁTÁ > § 35 > a)",
      "page_number": 2,
      "content_length": 0
    },
    {
      "section_id": "sec_15",
      "title": "",
      "content": "",
      "level": 6,
      "depth": 6,
      "path": "ČÁST I > HLAVA PÁTÁ > § 35 > b)",
      "page_number": 2,
      "content_length": 0
    },
    {
      "section_id": "sec_16",
      "title": "Pojištění a finanční zajištění",
      "content": "",
      "level": 4,
      "depth": 4,
      "path": "ČÁST I > HLAVA PÁTÁ > § 36",
      "page_number": 2,
      "content_length": 0
    },
    {
      "section_id": "sec_17",
      "title": "",
      "content": "",
      "level": 5,
      "depth": 5,
      "path": "ČÁST I > HLAVA PÁTÁ > § 36 > (1)",
      "page_number": 2,
      "content_length": 0
    },
    {
      "section_id": "sec_18",
      "title": "",
      "content": "",
      "level": 5,
      "depth": 5,
      "path": "ČÁST I > HLAVA PÁTÁ > § 36 > (2)",
      "page_number": 2,
      "content_length": 0
    },
    {
      "section_id": "sec_19",
      "title": "",
      "content": "",
      "level": 5,
      "depth": 5,
      "path": "ČÁST I > HLAVA PÁTÁ > § 36 > (3)",
      "page_number": 2,
      "content_length": 0
    },
    {
      "section_id": "sec_20",
      "title": "",
      "content": "",
      "level": 5,
      "depth": 5,
      "path": "ČÁST I > HLAVA PÁTÁ > § 36 > (4)",
      "page_number": 2,
      "content_length": 0
    },
    {
      "section_id": "sec_21",
      "title": "",
      "content": "",
      "level": 5,
      "depth": 5,
      "path": "ČÁST I > HLAVA PÁTÁ > § 36 > (5)",
      "page_number": 2,
      "content_length": 0
    },
    {
      "section_id": "sec_22",
      "title": "Státní záruka za náhradu jaderné škody",
      "content": "",
      "level": 4,
      "depth": 4,
      "path": "ČÁST I > HLAVA PÁTÁ > § 37",
      "page_number": 2,
      "content_length": 0
    },
    {
      "section_id": "sec_23",
      "title": "",
      "content": "",
      "level": 5,
      "depth": 5,
      "path": "ČÁST I > HLAVA PÁTÁ > § 37 > (1)",
      "page_number": 2,
      "content_length": 0
    },
    {
      "section_id": "sec_24",
      "title": "",
      "content": "",
      "level": 6,
      "depth": 6,
      "path": "ČÁST I > HLAVA PÁTÁ > § 37 > (1) > a)",
      "page_number": 2,
      "content_length": 0
    },
    {
      "section_id": "sec_25",
      "title": "",
      "content": "",
      "level": 6,
      "depth": 6,
      "path": "ČÁST I > HLAVA PÁTÁ > § 37 > (1) > b)",
      "page_number": 2,
      "content_length": 0
    },
    {
      "section_id": "sec_26",
      "title": "",
      "content": "",
      "level": 5,
      "depth": 5,
      "path": "ČÁST I > HLAVA PÁTÁ > § 37 > (2)",
      "page_number": 2,
      "content_length": 0
    },
    {
      "section_id": "sec_27",
      "title": "Promlčení a oznámení jaderné události",
      "content": "",
      "level": 4,
      "depth": 4,
      "path": "ČÁST I > HLAVA PÁTÁ > § 38",
      "page_number": 3,
      "content_length": 0
    },
    {
      "section_id": "sec_28",
      "title": "",
      "content": "",
      "level": 5,
      "depth": 5,
      "path": "ČÁST I > HLAVA PÁTÁ > § 38 > (1)",
      "page_number": 3,
      "content_length": 0
    },
    {
      "section_id": "sec_29",
      "title": "",
      "content": "",
      "level": 5,
      "depth": 5,
      "path": "ČÁST I > HLAVA PÁTÁ > § 38 > (2)",
      "page_number": 3,
      "content_length": 0
    },
    {
      "section_id": "sec_30",
      "title": "DOPLNĚNÍ ZÁKONA ČESKÉ NÁRODNÍ RADY Č. 586/1992 SB., O DANÍCH Z PŘÍJMŮ, VE ZNĚNÍ POZDĚJŠÍCH PŘEDPISŮ",
      "content": "",
      "level": 1,
      "depth": 1,
      "path": "ČÁST IV",
      "page_number": 0,
      "content_length": 0
    },
    {
      "section_id": "sec_31",
      "title": "Změna zákona o daních z příjmů",
      "content": "",
      "level": 4,
      "depth": 4,
      "path": "ČÁST IV > § 45",
      "page_number": 3,
      "content_length": 0
    },
    {
      "section_id": "sec_32",
      "title": "",
      "content": "",
      "level": 6,
      "depth": 6,
      "path": "ČÁST IV > § 45 > c)",
      "page_number": 3,
      "content_length": 0
    },
    {
      "section_id": "sec_33",
      "title": "",
      "content": "",
      "level": 6,
      "depth": 6,
      "path": "ČÁST IV > § 45 > 19e)",
      "page_number": 3,
      "content_length": 0
    },
    {
      "section_id": "sec_34",
      "title": "USTANOVENÍ SPOLEČNÁ, PŘECHODNÁ A ZÁVĚREČNÁ",
      "content": "",
      "level": 1,
      "depth": 1,
      "path": "ČÁST V",
      "page_number": 0,
      "content_length": 0
    },
    {
      "section_id": "sec_35",
      "title": "Závěrečná ustanovení",
      "content": "",
      "level": 4,
      "depth": 4,
      "path": "ČÁST V > § 49",
      "page_number": 3,
      "content_length": 0
    },
    {
      "section_id": "sec_36",
      "title": "",
      "content": "",
      "level": 6,
      "depth": 6,
      "path": "ČÁST V > § 49 > 1.",
      "page_number": 3,
      "content_length": 0
    },
    {
      "section_id": "sec_37",
      "title": "",
      "content": "",
      "level": 6,
      "depth": 6,
      "path": "ČÁST V > § 49 > 2.",
      "page_number": 4,
      "content_length": 0
    },
    {
      "section_id": "sec_38",
      "title": "",
      "content": "",
      "level": 6,
      "depth": 6,
      "path": "ČÁST V > § 49 > 3.",
      "page_number": 4,
      "content_length": 0
    },
    {
      "section_id": "sec_39",
      "title": "",
      "content": "",
      "level": 6,
      "depth": 6,
      "path": "ČÁST V > § 49 > 4.",
      "page_number": 4,
      "content_length": 0
    },
    {
      "section_id": "sec_40",
      "title": "",
      "content": "",
      "level": 6,
      "depth": 6,
      "path": "ČÁST V > § 49 > 5.",
      "page_number": 4,
      "content_length": 0
    },
    {
      "section_id": "sec_41",
      "title": "",
      "content": "",
      "level": 6,
      "depth": 6,
      "path": "ČÁST V > § 49 > 6.",
      "page_number": 4,
      "content_length": 0
    },
    {
      "section_id": "sec_42",
      "title": "",
      "content": "",
      "level": 6,
      "depth": 6,
      "path": "ČÁST V > § 49 > 7.",
      "page_number": 4,
      "content_length": 0
    },
    {
      "section_id": "sec_43",
      "title": "",
      "content": "",
      "level": 6,
      "depth": 6,
      "path": "ČÁST V > § 49 > 8.",
      "page_number": 4,
      "content_length": 0
    },
    {
      "section_id": "sec_44",
      "title": "",
      "content": "",
      "level": 6,
      "depth": 6,
      "path": "ČÁST V > § 49 > 9.",
      "page_number": 4,
      "content_length": 0
    },
    {
      "section_id": "sec_45",
      "title": "",
      "content": "",
      "level": 6,
      "depth": 6,
      "path": "ČÁST V > § 49 > 10.",
      "page_number": 4,
      "content_length": 0
    },
    {
      "section_id": "sec_46",
      "title": "",
      "content": "",
      "level": 6,
      "depth": 6,
      "path": "ČÁST V > § 49 > 11.",
      "page_number": 4,
      "content_length": 0
    },
    {
      "section_id": "sec_47",
      "title": "",
      "content": "",
      "level": 6,
      "depth": 6,
      "path": "ČÁST V > § 49 > 12.",
      "page_number": 4,
      "content_length": 0
    },
    {
      "section_id": "sec_48",
      "title": "",
      "content": "",
      "level": 6,
      "depth": 6,
      "path": "ČÁST V > § 49 > 13.",
      "page_number": 4,
      "content_length": 0
    },
    {
      "section_id": "sec_49",
      "title": "",
      "content": "",
      "level": 6,
      "depth": 6,
      "path": "ČÁST V > § 49 > 14.",
      "page_number": 4,
      "content_length": 0
    },
    {
      "section_id": "sec_50",
      "title": "Účinnost zákona",
      "content": "",
      "level": 4,
      "depth": 4,
      "path": "ČÁST V > § 50",
      "page_number": 4,
      "content_length": 0
    },
    {
      "section_id": "sec_51",
      "title": "",
      "content": "",
      "level": 6,
      "depth": 6,
      "path": "Poznámky pod čarou > 2b)",
      "page_number": 5,
      "content_length": 0
    },
    {
      "section_id": "sec_52",
      "title": "",
      "content": "",
      "level": 6,
      "depth": 6,
      "path": "Poznámky pod čarou > 3b)",
      "page_number": 5,
      "content_length": 0
    },
    {
      "section_id": "sec_53",
      "title": "",
      "content": "",
      "level": 6,
      "depth": 6,
      "path": "Poznámky pod čarou > 26)",
      "page_number": 5,
      "content_length": 0
    },
    {
      "section_id": "sec_54",
      "title": "",
      "content": "",
      "level": 6,
      "depth": 6,
      "path": "Poznámky pod čarou > 27)",
      "page_number": 5,
      "content_length": 0
    },
    {
      "section_id": "sec_55",
      "title": "",
      "content": "",
      "level": 6,
      "depth": 6,
      "path": "Poznámky pod čarou > 28)",
      "page_number": 5,
      "content_length": 0
    },
    {
      "section_id": "sec_56",
      "title": "",
      "content": "",
      "level": 6,
      "depth": 6,
      "path": "Poznámky pod čarou > 29)",
      "page_number": 5,
      "content_length": 0
    },
    {
      "section_id": "sec_57",
      "title": "",
      "content": "",
      "level": 6,
      "depth": 6,
      "path": "Poznámky pod čarou > 30)",
      "page_number": 5,
      "content_length": 0
    },
    {
      "section_id": "sec_58",
      "title": "",
      "content": "",
      "level": 6,
      "depth": 6,
      "path": "Poznámky pod čarou > 31)",
      "page_number": 5,
      "content_length": 0
    },
    {
      "section_id": "sec_59",
      "title": "",
      "content": "",
      "level": 6,
      "depth": 6,
      "path": "Poznámky pod čarou > 32)",
      "page_number": 5,
      "content_length": 0
    },
    {
      "section_id": "sec_60",
      "title": "",
      "content": "",
      "level": 6,
      "depth": 6,
      "path": "Poznámky pod čarou > 33)",
      "page_number": 5,
      "content_length": 0
    },
    {
      "section_id": "sec_61",
      "title": "",
      "content": "",
      "level": 6,
      "depth": 6,
      "path": "Poznámky pod čarou > 34)",
      "page_number": 5,
      "content_length": 0
    },
    {
      "section_id": "sec_62",
      "title": "",
      "content": "",
      "level": 6,
      "depth": 6,
      "path": "Poznámky pod čarou > 35)",
      "page_number": 5,
      "content_length": 0
    },
    {
      "section_id": "sec_63",
      "title": "",
      "content": "",
      "level": 6,
      "depth": 6,
      "path": "Poznámky pod čarou > 36)",
      "page_number": 5,
      "content_length": 0
    },
    {
      "section_id": "sec_64",
      "title": "",
      "content": "",
      "level": 6,
      "depth": 6,
      "path": "Poznámky pod čarou > 38a)",
      "page_number": 5,
      "content_length": 0
    },
    {
      "section_id": "sec_65",
      "title": "",
      "content": "",
      "level": 6,
      "depth": 6,
      "path": "Poznámky pod čarou > 38b)",
      "page_number": 5,
      "content_length": 0
    },
    {
      "section_id": "sec_66",
      "title": "",
      "content": "",
      "level": 6,
      "depth": 6,
      "path": "Poznámky pod čarou > 38c)",
      "page_number": 5,
      "content_length": 0
    },
    {
      "section_id": "sec_67",
      "title": "",
      "content": "",
      "level": 6,
      "depth": 6,
      "path": "Poznámky pod čarou > 42)",
      "page_number": 5,
      "content_length": 0
    }
  ]
}