{
  "document_id": "157/2025 Sb.",
  "source_path": "data/Sb_2025_157_PZZ.pdf",
  "num_sections": 214,
  "hierarchy_depth": 9,
  "num_roots": 37,
  "num_tables": 0,
  "sections": [
    {
      "section_id": "sec_1",
      "title": "",
      "content": "",
      "level": 4,
      "depth": 4,
      "path": "Čl. I",
      "page_number": 2,
      "content_length": 0
    },
    {
      "section_id": "sec_2",
      "title": "",
      "content": "",
      "level": 5,
      "depth": 5,
      "path": "Čl. I > 1",
      "page_number": 2,
      "content_length": 0
    },
    {
      "section_id": "sec_3",
      "title": "",
      "content": "",
      "level": 5,
      "depth": 5,
      "path": "Čl. I > 2",
      "page_number": 2,
      "content_length": 0
    },
    {
      "section_id": "sec_4",
      "title": "",
      "content": "",
      "level": 5,
      "depth": 5,
      "path": "Čl. I > 3",
      "page_number": 2,
      "content_length": 0
    },
    {
      "section_id": "sec_5",
      "title": "",
      "content": "",
      "level": 6,
      "depth": 6,
      "path": "Čl. I > 3 > (1)",
      "page_number": 2,
      "content_length": 0
    },
    {
      "section_id": "sec_6",
      "title": "",
      "content": "",
      "level": 7,
      "depth": 7,
      "path": "Čl. I > 3 > (1) > a)",
      "page_number": 2,
      "content_length": 0
    },
    {
      "section_id": "sec_7",
      "title": "",
      "content": "",
      "level": 7,
      "depth": 7,
      "path": "Čl. I > 3 > (1) > b)",
      "page_number": 2,
      "content_length": 0
    },
    {
      "section_id": "sec_8",
      "title": "",
      "content": "",
      "level": 6,
      "depth": 6,
      "path": "Čl. I > 3 > (2)",
      "page_number": 2,
      "content_length": 0
    },
    {
      "section_id": "sec_9",
      "title": "",
      "content": "",
      "level": 7,
      "depth": 7,
      "path": "Čl. I > 3 > (2) > a)",
      "page_number": 2,
      "content_length": 0
    },
    {
      "section_id": "sec_10",
      "title": "",
      "content": "",
      "level": 7,
      "depth": 7,
      "path": "Čl. I > 3 > (2) > b)",
      "page_number": 2,
      "content_length": 0
    },
    {
      "section_id": "sec_11",
      "title": "",
      "content": "",
      "level": 7,
      "depth": 7,
      "path": "Čl. I > 3 > (2) > c)",
      "page_number": 3,
      "content_length": 0
    },
    {
      "section_id": "sec_12",
      "title": "",
      "content": "",
      "level": 7,
      "depth": 7,
      "path": "Čl. I > 3 > (2) > d)",
      "page_number": 3,
      "content_length": 0
    },
    {
      "section_id": "sec_13",
      "title": "",
      "content": "",
      "level": 7,
      "depth": 7,
      "path": "Čl. I > 3 > (2) > e)",
      "page_number": 3,
      "content_length": 0
    },
    {
      "section_id": "sec_14",
      "title": "",
      "content": "",
      "level": 7,
      "depth": 7,
      "path": "Čl. I > 3 > (2) > f)",
      "page_number": 3,
      "content_length": 0
    },
    {
      "section_id": "sec_15",
      "title": "",
      "content": "",
      "level": 7,
      "depth": 7,
      "path": "Čl. I > 3 > (2) > g)",
      "page_number": 3,
      "content_length": 0
    },
    {
      "section_id": "sec_16",
      "title": "",
      "content": "",
      "level": 7,
      "depth": 7,
      "path": "Čl. I > 3 > (2) > h)",
      "page_number": 3,
      "content_length": 0
    },
    {
      "section_id": "sec_17",
      "title": "",
      "content": "",
      "level": 5,
      "depth": 5,
      "path": "Čl. I > 4",
      "page_number": 3,
      "content_length": 0
    },
    {
      "section_id": "sec_18",
      "title": "Rozhodnutí o povolení k přepravě radioaktivní nebo štěpné látky",
      "content": "",
      "level": 6,
      "depth": 6,
      "path": "Čl. I > 4 > § 3a",
      "page_number": 3,
      "content_length": 0
    },
    {
      "section_id": "sec_19",
      "title": "",
      "content": "",
      "level": 7,
      "depth": 7,
      "path": "Čl. I > 4 > § 3a > (1)",
      "page_number": 3,
      "content_length": 0
    },
    {
      "section_id": "sec_20",
      "title": "",
      "content": "",
      "level": 8,
      "depth": 8,
      "path": "Čl. I > 4 > § 3a > (1) > a)",
      "page_number": 3,
      "content_length": 0
    },
    {
      "section_id": "sec_21",
      "title": "",
      "content": "",
      "level": 8,
      "depth": 8,
      "path": "Čl. I > 4 > § 3a > (1) > b)",
      "page_number": 3,
      "content_length": 0
    },
    {
      "section_id": "sec_22",
      "title": "",
      "content": "",
      "level": 8,
      "depth": 8,
      "path": "Čl. I > 4 > § 3a > (1) > c)",
      "page_number": 3,
      "content_length": 0
    },
    {
      "section_id": "sec_23",
      "title": "",
      "content": "",
      "level": 8,
      "depth": 8,
      "path": "Čl. I > 4 > § 3a > (1) > d)",
      "page_number": 3,
      "content_length": 0
    },
    {
      "section_id": "sec_24",
      "title": "",
      "content": "",
      "level": 8,
      "depth": 8,
      "path": "Čl. I > 4 > § 3a > (1) > e)",
      "page_number": 3,
      "content_length": 0
    },
    {
      "section_id": "sec_25",
      "title": "",
      "content": "",
      "level": 8,
      "depth": 8,
      "path": "Čl. I > 4 > § 3a > (1) > f)",
      "page_number": 3,
      "content_length": 0
    },
    {
      "section_id": "sec_26",
      "title": "",
      "content": "",
      "level": 8,
      "depth": 8,
      "path": "Čl. I > 4 > § 3a > (1) > g)",
      "page_number": 4,
      "content_length": 0
    },
    {
      "section_id": "sec_27",
      "title": "",
      "content": "",
      "level": 8,
      "depth": 8,
      "path": "Čl. I > 4 > § 3a > (1) > h)",
      "page_number": 4,
      "content_length": 0
    },
    {
      "section_id": "sec_28",
      "title": "",
      "content": "",
      "level": 8,
      "depth": 8,
      "path": "Čl. I > 4 > § 3a > (1) > i)",
      "page_number": 4,
      "content_length": 0
    },
    {
      "section_id": "sec_29",
      "title": "",
      "content": "",
      "level": 7,
      "depth": 7,
      "path": "Čl. I > 4 > § 3a > (2)",
      "page_number": 4,
      "content_length": 0
    },
    {
      "section_id": "sec_30",
      "title": "",
      "content": "",
      "level": 8,
      "depth": 8,
      "path": "Čl. I > 4 > § 3a > (2) > a)",
      "page_number": 4,
      "content_length": 0
    },
    {
      "section_id": "sec_31",
      "title": "",
      "content": "",
      "level": 9,
      "depth": 9,
      "path": "Čl. I > 4 > § 3a > (2) > a) > 1.",
      "page_number": 4,
      "content_length": 0
    },
    {
      "section_id": "sec_32",
      "title": "",
      "content": "",
      "level": 9,
      "depth": 9,
      "path": "Čl. I > 4 > § 3a > (2) > a) > 2.",
      "page_number": 4,
      "content_length": 0
    },
    {
      "section_id": "sec_33",
      "title": "",
      "content": "",
      "level": 9,
      "depth": 9,
      "path": "Čl. I > 4 > § 3a > (2) > a) > 3.",
      "page_number": 4,
      "content_length": 0
    },
    {
      "section_id": "sec_34",
      "title": "",
      "content": "",
      "level": 9,
      "depth": 9,
      "path": "Čl. I > 4 > § 3a > (2) > a) > 4.",
      "page_number": 4,
      "content_length": 0
    },
    {
      "section_id": "sec_35",
      "title": "",
      "content": "",
      "level": 9,
      "depth": 9,
      "path": "Čl. I > 4 > § 3a > (2) > a) > 5.",
      "page_number": 4,
      "content_length": 0
    },
    {
      "section_id": "sec_36",
      "title": "",
      "content": "",
      "level": 8,
      "depth": 8,
      "path": "Čl. I > 4 > § 3a > (2) > b)",
      "page_number": 4,
      "content_length": 0
    },
    {
      "section_id": "sec_37",
      "title": "",
      "content": "",
      "level": 9,
      "depth": 9,
      "path": "Čl. I > 4 > § 3a > (2) > b) > 1.",
      "page_number": 4,
      "content_length": 0
    },
    {
      "section_id": "sec_38",
      "title": "",
      "content": "",
      "level": 9,
      "depth": 9,
      "path": "Čl. I > 4 > § 3a > (2) > b) > 2.",
      "page_number": 4,
      "content_length": 0
    },
    {
      "section_id": "sec_39",
      "title": "",
      "content": "",
      "level": 9,
      "depth": 9,
      "path": "Čl. I > 4 > § 3a > (2) > b) > 3.",
      "page_number": 4,
      "content_length": 0
    },
    {
      "section_id": "sec_40",
      "title": "",
      "content": "",
      "level": 9,
      "depth": 9,
      "path": "Čl. I > 4 > § 3a > (2) > b) > 4.",
      "page_number": 4,
      "content_length": 0
    },
    {
      "section_id": "sec_41",
      "title": "",
      "content": "",
      "level": 9,
      "depth": 9,
      "path": "Čl. I > 4 > § 3a > (2) > b) > 5.",
      "page_number": 5,
      "content_length": 0
    },
    {
      "section_id": "sec_42",
      "title": "",
      "content": "",
      "level": 9,
      "depth": 9,
      "path": "Čl. I > 4 > § 3a > (2) > b) > 6.",
      "page_number": 5,
      "content_length": 0
    },
    {
      "section_id": "sec_43",
      "title": "",
      "content": "",
      "level": 8,
      "depth": 8,
      "path": "Čl. I > 4 > § 3a > (2) > c)",
      "page_number": 5,
      "content_length": 0
    },
    {
      "section_id": "sec_44",
      "title": "",
      "content": "",
      "level": 9,
      "depth": 9,
      "path": "Čl. I > 4 > § 3a > (2) > c) > 1.",
      "page_number": 5,
      "content_length": 0
    },
    {
      "section_id": "sec_45",
      "title": "",
      "content": "",
      "level": 9,
      "depth": 9,
      "path": "Čl. I > 4 > § 3a > (2) > c) > 2.",
      "page_number": 5,
      "content_length": 0
    },
    {
      "section_id": "sec_46",
      "title": "",
      "content": "",
      "level": 9,
      "depth": 9,
      "path": "Čl. I > 4 > § 3a > (2) > c) > 3.",
      "page_number": 5,
      "content_length": 0
    },
    {
      "section_id": "sec_47",
      "title": "",
      "content": "",
      "level": 8,
      "depth": 8,
      "path": "Čl. I > 4 > § 3a > (2) > d)",
      "page_number": 5,
      "content_length": 0
    },
    {
      "section_id": "sec_48",
      "title": "",
      "content": "",
      "level": 9,
      "depth": 9,
      "path": "Čl. I > 4 > § 3a > (2) > d) > 1.",
      "page_number": 5,
      "content_length": 0
    },
    {
      "section_id": "sec_49",
      "title": "",
      "content": "",
      "level": 9,
      "depth": 9,
      "path": "Čl. I > 4 > § 3a > (2) > d) > 2.",
      "page_number": 5,
      "content_length": 0
    },
    {
      "section_id": "sec_50",
      "title": "",
      "content": "",
      "level": 8,
      "depth": 8,
      "path": "Čl. I > 4 > § 3a > (2) > e)",
      "page_number": 5,
      "content_length": 0
    },
    {
      "section_id": "sec_51",
      "title": "",
      "content": "",
      "level": 9,
      "depth": 9,
      "path": "Čl. I > 4 > § 3a > (2) > e) > 1.",
      "page_number": 5,
      "content_length": 0
    },
    {
      "section_id": "sec_52",
      "title": "",
      "content": "",
      "level": 9,
      "depth": 9,
      "path": "Čl. I > 4 > § 3a > (2) > e) > 2.",
      "page_number": 5,
      "content_length": 0
    },
    {
      "section_id": "sec_53",
      "title": "",
      "content": "",
      "level": 9,
      "depth": 9,
      "path": "Čl. I > 4 > § 3a > (2) > e) > 3.",
      "page_number": 5,
      "content_length": 0
    },
    {
      "section_id": "sec_54",
      "title": "",
      "content": "",
      "level": 9,
      "depth": 9,
      "path": "Čl. I > 4 > § 3a > (2) > e) > 4.",
      "page_number": 5,
      "content_length": 0
    },
    {
      "section_id": "sec_55",
      "title": "",
      "content": "",
      "level": 8,
      "depth": 8,
      "path": "Čl. I > 4 > § 3a > (2) > f)",
      "page_number": 5,
      "content_length": 0
    },
    {
      "section_id": "sec_56",
      "title": "",
      "content": "",
      "level": 9,
      "depth": 9,
      "path": "Čl. I > 4 > § 3a > (2) > f) > 1.",
      "page_number": 5,
      "content_length": 0
    },
    {
      "section_id": "sec_57",
      "title": "",
      "content": "",
      "level": 9,
      "depth": 9,
      "path": "Čl. I > 4 > § 3a > (2) > f) > 2.",
      "page_number": 5,
      "content_length": 0
    },
    {
      "section_id": "sec_58",
      "title": "",
      "content": "",
      "level": 8,
      "depth": 8,
      "path": "Čl. I > 4 > § 3a > (2) > g)",
      "page_number": 5,
      "content_length": 0
    },
    {
      "section_id": "sec_59",
      "title": "",
      "content": "",
      "level": 9,
      "depth": 9,
      "path": "Čl. I > 4 > § 3a > (2) > g) > 1.",
      "page_number": 5,
      "content_length": 0
    },
    {
      "section_id": "sec_60",
      "title": "",
      "content": "",
      "level": 9,
      "depth": 9,
      "path": "Čl. I > 4 > § 3a > (2) > g) > 2.",
      "page_number": 5,
      "content_length": 0
    },
    {
      "section_id": "sec_61",
      "title": "",
      "content": "",
      "level": 5,
      "depth": 5,
      "path": "Čl. I > 5",
      "page_number": 6,
      "content_length": 0
    },
    {
      "section_id": "sec_62",
      "title": "",
      "content": "",
      "level": 5,
      "depth": 5,
      "path": "Čl. I > 6",
      "page_number": 6,
      "content_length": 0
    },
    {
      "section_id": "sec_63",
      "title": "",
      "content": "",
      "level": 5,
      "depth": 5,
      "path": "Čl. I > 7",
      "page_number": 6,
      "content_length": 0
    },
    {
      "section_id": "sec_64",
      "title": "",
      "content": "",
      "level": 5,
      "depth": 5,
      "path": "Čl. I > 8",
      "page_number": 6,
      "content_length": 0
    },
    {
      "section_id": "sec_65",
      "title": "",
      "content": "",
      "level": 5,
      "depth": 5,
      "path": "Čl. I > 9",
      "page_number": 6,
      "content_length": 0
    },
    {
      "section_id": "sec_66",
      "title": "",
      "content": "",
      "level": 5,
      "depth": 5,
      "path": "Čl. I > 10",
      "page_number": 6,
      "content_length": 0
    },
    {
      "section_id": "sec_67",
      "title": "",
      "content": "",
      "level": 5,
      "depth": 5,
      "path": "Čl. I > 11",
      "page_number": 6,
      "content_length": 0
    },
    {
      "section_id": "sec_68",
      "title": "",
      "content": "",
      "level": 5,
      "depth": 5,
      "path": "Čl. I > 12",
      "page_number": 6,
      "content_length": 0
    },
    {
      "section_id": "sec_69",
      "title": "",
      "content": "",
      "level": 5,
      "depth": 5,
      "path": "Čl. I > 13",
      "page_number": 6,
      "content_length": 0
    },
    {
      "section_id": "sec_70",
      "title": "",
      "content": "",
      "level": 5,
      "depth": 5,
      "path": "Čl. I > 14",
      "page_number": 6,
      "content_length": 0
    },
    {
      "section_id": "sec_71",
      "title": "",
      "content": "",
      "level": 5,
      "depth": 5,
      "path": "Čl. I > 15",
      "page_number": 6,
      "content_length": 0
    },
    {
      "section_id": "sec_72",
      "title": "",
      "content": "",
      "level": 5,
      "depth": 5,
      "path": "Čl. I > 16",
      "page_number": 6,
      "content_length": 0
    },
    {
      "section_id": "sec_73",
      "title": "",
      "content": "",
      "level": 5,
      "depth": 5,
      "path": "Čl. I > 17",
      "page_number": 6,
      "content_length": 0
    },
    {
      "section_id": "sec_74",
      "title": "",
      "content": "",
      "level": 5,
      "depth": 5,
      "path": "Čl. I > 18",
      "page_number": 6,
      "content_length": 0
    },
    {
      "section_id": "sec_75",
      "title": "",
      "content": "",
      "level": 5,
      "depth": 5,
      "path": "Čl. I > 19",
      "page_number": 6,
      "content_length": 0
    },
    {
      "section_id": "sec_76",
      "title": "",
      "content": "",
      "level": 5,
      "depth": 5,
      "path": "Čl. I > 20",
      "page_number": 6,
      "content_length": 0
    },
    {
      "section_id": "sec_77",
      "title": "",
      "content": "",
      "level": 6,
      "depth": 6,
      "path": "Čl. I > 20 > (2)",
      "page_number": 6,
      "content_length": 0
    },
    {
      "section_id": "sec_78",
      "title": "",
      "content": "",
      "level": 7,
      "depth": 7,
      "path": "Čl. I > 20 > (2) > a)",
      "page_number": 6,
      "content_length": 0
    },
    {
      "section_id": "sec_79",
      "title": "",
      "content": "",
      "level": 7,
      "depth": 7,
      "path": "Čl. I > 20 > (2) > b)",
      "page_number": 6,
      "content_length": 0
    },
    {
      "section_id": "sec_80",
      "title": "",
      "content": "",
      "level": 5,
      "depth": 5,
      "path": "Čl. I > 21",
      "page_number": 6,
      "content_length": 0
    },
    {
      "section_id": "sec_81",
      "title": "",
      "content": "",
      "level": 5,
      "depth": 5,
      "path": "Čl. I > 22",
      "page_number": 6,
      "content_length": 0
    },
    {
      "section_id": "sec_82",
      "title": "",
      "content": "",
      "level": 5,
      "depth": 5,
      "path": "Čl. I > 23",
      "page_number": 6,
      "content_length": 0
    },
    {
      "section_id": "sec_83",
      "title": "",
      "content": "",
      "level": 5,
      "depth": 5,
      "path": "Čl. I > 24",
      "page_number": 6,
      "content_length": 0
    },
    {
      "section_id": "sec_84",
      "title": "",
      "content": "",
      "level": 5,
      "depth": 5,
      "path": "Čl. I > 25",
      "page_number": 6,
      "content_length": 0
    },
    {
      "section_id": "sec_85",
      "title": "",
      "content": "",
      "level": 5,
      "depth": 5,
      "path": "Čl. I > 26",
      "page_number": 6,
      "content_length": 0
    },
    {
      "section_id": "sec_86",
      "title": "",
      "content": "",
      "level": 5,
      "depth": 5,
      "path": "Čl. I > 27",
      "page_number": 7,
      "content_length": 0
    },
    {
      "section_id": "sec_87",
      "title": "",
      "content": "",
      "level": 5,
      "depth": 5,
      "path": "Čl. I > 28",
      "page_number": 7,
      "content_length": 0
    },
    {
      "section_id": "sec_88",
      "title": "",
      "content": "",
      "level": 5,
      "depth": 5,
      "path": "Čl. I > 29",
      "page_number": 7,
      "content_length": 0
    },
    {
      "section_id": "sec_89",
      "title": "",
      "content": "",
      "level": 5,
      "depth": 5,
      "path": "Čl. I > 30",
      "page_number": 7,
      "content_length": 0
    },
    {
      "section_id": "sec_90",
      "title": "",
      "content": "",
      "level": 5,
      "depth": 5,
      "path": "Čl. I > 31",
      "page_number": 7,
      "content_length": 0
    },
    {
      "section_id": "sec_91",
      "title": "",
      "content": "",
      "level": 5,
      "depth": 5,
      "path": "Čl. I > 32",
      "page_number": 7,
      "content_length": 0
    },
    {
      "section_id": "sec_92",
      "title": "",
      "content": "",
      "level": 5,
      "depth": 5,
      "path": "Čl. I > 33",
      "page_number": 7,
      "content_length": 0
    },
    {
      "section_id": "sec_93",
      "title": "",
      "content": "",
      "level": 5,
      "depth": 5,
      "path": "Čl. I > 34",
      "page_number": 7,
      "content_length": 0
    },
    {
      "section_id": "sec_94",
      "title": "",
      "content": "",
      "level": 5,
      "depth": 5,
      "path": "Čl. I > 35",
      "page_number": 7,
      "content_length": 0
    },
    {
      "section_id": "sec_95",
      "title": "",
      "content": "",
      "level": 5,
      "depth": 5,
      "path": "Čl. I > 36",
      "page_number": 7,
      "content_length": 0
    },
    {
      "section_id": "sec_96",
      "title": "",
      "content": "",
      "level": 5,
      "depth": 5,
      "path": "Čl. I > 37",
      "page_number": 7,
      "content_length": 0
    },
    {
      "section_id": "sec_97",
      "title": "",
      "content": "",
      "level": 5,
      "depth": 5,
      "path": "Čl. I > 38",
      "page_number": 7,
      "content_length": 0
    },
    {
      "section_id": "sec_98",
      "title": "",
      "content": "",
      "level": 5,
      "depth": 5,
      "path": "Čl. I > 39",
      "page_number": 7,
      "content_length": 0
    },
    {
      "section_id": "sec_99",
      "title": "",
      "content": "",
      "level": 5,
      "depth": 5,
      "path": "Čl. I > 40",
      "page_number": 7,
      "content_length": 0
    },
    {
      "section_id": "sec_100",
      "title": "",
      "content": "",
      "level": 5,
      "depth": 5,
      "path": "Čl. I > 41",
      "page_number": 7,
      "content_length": 0
    },
    {
      "section_id": "sec_101",
      "title": "",
      "content": "",
      "level": 5,
      "depth": 5,
      "path": "Čl. I > 42",
      "page_number": 7,
      "content_length": 0
    },
    {
      "section_id": "sec_102",
      "title": "",
      "content": "",
      "level": 5,
      "depth": 5,
      "path": "Čl. I > 43",
      "page_number": 7,
      "content_length": 0
    },
    {
      "section_id": "sec_103",
      "title": "",
      "content": "",
      "level": 5,
      "depth": 5,
      "path": "Čl. I > 44",
      "page_number": 7,
      "content_length": 0
    },
    {
      "section_id": "sec_104",
      "title": "",
      "content": "",
      "level": 5,
      "depth": 5,
      "path": "Čl. I > 45",
      "page_number": 7,
      "content_length": 0
    },
    {
      "section_id": "sec_105",
      "title": "",
      "content": "",
      "level": 5,
      "depth": 5,
      "path": "Čl. I > 46",
      "page_number": 7,
      "content_length": 0
    },
    {
      "section_id": "sec_106",
      "title": "",
      "content": "",
      "level": 5,
      "depth": 5,
      "path": "Čl. I > 47",
      "page_number": 7,
      "content_length": 0
    },
    {
      "section_id": "sec_107",
      "title": "",
      "content": "",
      "level": 5,
      "depth": 5,
      "path": "Čl. I > 48",
      "page_number": 7,
      "content_length": 0
    },
    {
      "section_id": "sec_108",
      "title": "",
      "content": "",
      "level": 5,
      "depth": 5,
      "path": "Čl. I > 49",
      "page_number": 8,
      "content_length": 0
    },
    {
      "section_id": "sec_109",
      "title": "",
      "content": "",
      "level": 5,
      "depth": 5,
      "path": "Čl. I > 50",
      "page_number": 8,
      "content_length": 0
    },
    {
      "section_id": "sec_110",
      "title": "",
      "content": "",
      "level": 5,
      "depth": 5,
      "path": "Čl. I > 51",
      "page_number": 8,
      "content_length": 0
    },
    {
      "section_id": "sec_111",
      "title": "",
      "content": "",
      "level": 5,
      "depth": 5,
      "path": "Čl. I > 52",
      "page_number": 8,
      "content_length": 0
    },
    {
      "section_id": "sec_112",
      "title": "",
      "content": "",
      "level": 5,
      "depth": 5,
      "path": "Čl. I > 53",
      "page_number": 8,
      "content_length": 0
    },
    {
      "section_id": "sec_113",
      "title": "",
      "content": "",
      "level": 5,
      "depth": 5,
      "path": "Čl. I > 54",
      "page_number": 8,
      "content_length": 0
    },
    {
      "section_id": "sec_114",
      "title": "",
      "content": "",
      "level": 5,
      "depth": 5,
      "path": "Čl. I > 55",
      "page_number": 8,
      "content_length": 0
    },
    {
      "section_id": "sec_115",
      "title": "",
      "content": "",
      "level": 5,
      "depth": 5,
      "path": "Čl. I > 56",
      "page_number": 8,
      "content_length": 0
    },
    {
      "section_id": "sec_116",
      "title": "",
      "content": "",
      "level": 5,
      "depth": 5,
      "path": "Čl. I > 57",
      "page_number": 8,
      "content_length": 0
    },
    {
      "section_id": "sec_117",
      "title": "",
      "content": "",
      "level": 5,
      "depth": 5,
      "path": "Čl. I > 58",
      "page_number": 8,
      "content_length": 0
    },
    {
      "section_id": "sec_118",
      "title": "",
      "content": "",
      "level": 5,
      "depth": 5,
      "path": "Čl. I > 59",
      "page_number": 8,
      "content_length": 0
    },
    {
      "section_id": "sec_119",
      "title": "",
      "content": "",
      "level": 5,
      "depth": 5,
      "path": "Čl. I > 60",
      "page_number": 8,
      "content_length": 0
    },
    {
      "section_id": "sec_120",
      "title": "",
      "content": "",
      "level": 5,
      "depth": 5,
      "path": "Čl. I > 61",
      "page_number": 8,
      "content_length": 0
    },
    {
      "section_id": "sec_121",
      "title": "",
      "content": "",
      "level": 5,
      "depth": 5,
      "path": "Čl. I > 62",
      "page_number": 8,
      "content_length": 0
    },
    {
      "section_id": "sec_122",
      "title": "",
      "content": "",
      "level": 5,
      "depth": 5,
      "path": "Čl. I > 63",
      "page_number": 8,
      "content_length": 0
    },
    {
      "section_id": "sec_123",
      "title": "",
      "content": "",
      "level": 5,
      "depth": 5,
      "path": "Čl. I > 64",
      "page_number": 8,
      "content_length": 0
    },
    {
      "section_id": "sec_124",
      "title": "",
      "content": "",
      "level": 5,
      "depth": 5,
      "path": "Čl. I > 65",
      "page_number": 8,
      "content_length": 0
    },
    {
      "section_id": "sec_125",
      "title": "",
      "content": "",
      "level": 5,
      "depth": 5,
      "path": "Čl. I > 66",
      "page_number": 8,
      "content_length": 0
    },
    {
      "section_id": "sec_126",
      "title": "",
      "content": "",
      "level": 5,
      "depth": 5,
      "path": "Čl. I > 67",
      "page_number": 8,
      "content_length": 0
    },
    {
      "section_id": "sec_127",
      "title": "",
      "content": "",
      "level": 5,
      "depth": 5,
      "path": "Čl. I > 68",
      "page_number": 8,
      "content_length": 0
    },
    {
      "section_id": "sec_128",
      "title": "",
      "content": "",
      "level": 5,
      "depth": 5,
      "path": "Čl. I > 69",
      "page_number": 8,
      "content_length": 0
    },
    {
      "section_id": "sec_129",
      "title": "",
      "content": "",
      "level": 5,
      "depth": 5,
      "path": "Čl. I > 70",
      "page_number": 8,
      "content_length": 0
    },
    {
      "section_id": "sec_130",
      "title": "",
      "content": "",
      "level": 5,
      "depth": 5,
      "path": "Čl. I > 71",
      "page_number": 8,
      "content_length": 0
    },
    {
      "section_id": "sec_131",
      "title": "",
      "content": "",
      "level": 5,
      "depth": 5,
      "path": "Čl. I > 72",
      "page_number": 8,
      "content_length": 0
    },
    {
      "section_id": "sec_132",
      "title": "",
      "content": "",
      "level": 5,
      "depth": 5,
      "path": "Čl. I > 73",
      "page_number": 8,
      "content_length": 0
    },
    {
      "section_id": "sec_133",
      "title": "",
      "content": "",
      "level": 5,
      "depth": 5,
      "path": "Čl. I > 74",
      "page_number": 9,
      "content_length": 0
    },
    {
      "section_id": "sec_134",
      "title": "",
      "content": "",
      "level": 5,
      "depth": 5,
      "path": "Čl. I > 75",
      "page_number": 9,
      "content_length": 0
    },
    {
      "section_id": "sec_135",
      "title": "",
      "content": "",
      "level": 5,
      "depth": 5,
      "path": "Čl. I > 76",
      "page_number": 9,
      "content_length": 0
    },
    {
      "section_id": "sec_136",
      "title": "",
      "content": "",
      "level": 5,
      "depth": 5,
      "path": "Čl. I > 77",
      "page_number": 9,
      "content_length": 0
    },
    {
      "section_id": "sec_137",
      "title": "",
      "content": "",
      "level": 5,
      "depth": 5,
      "path": "Čl. I > 78",
      "page_number": 9,
      "content_length": 0
    },
    {
      "section_id": "sec_138",
      "title": "",
      "content": "",
      "level": 5,
      "depth": 5,
      "path": "Čl. I > 79",
      "page_number": 9,
      "content_length": 0
    },
    {
      "section_id": "sec_139",
      "title": "",
      "content": "",
      "level": 5,
      "depth": 5,
      "path": "Čl. I > 80",
      "page_number": 9,
      "content_length": 0
    },
    {
      "section_id": "sec_140",
      "title": "",
      "content": "",
      "level": 5,
      "depth": 5,
      "path": "Čl. I > 81",
      "page_number": 9,
      "content_length": 0
    },
    {
      "section_id": "sec_141",
      "title": "",
      "content": "",
      "level": 5,
      "depth": 5,
      "path": "Čl. I > 82",
      "page_number": 9,
      "content_length": 0
    },
    {
      "section_id": "sec_142",
      "title": "",
      "content": "",
      "level": 5,
      "depth": 5,
      "path": "Čl. I > 83",
      "page_number": 9,
      "content_length": 0
    },
    {
      "section_id": "sec_143",
      "title": "",
      "content": "",
      "level": 5,
      "depth": 5,
      "path": "Čl. I > 84",
      "page_number": 9,
      "content_length": 0
    },
    {
      "section_id": "sec_144",
      "title": "",
      "content": "",
      "level": 5,
      "depth": 5,
      "path": "Čl. I > 85",
      "page_number": 9,
      "content_length": 0
    },
    {
      "section_id": "sec_145",
      "title": "",
      "content": "",
      "level": 5,
      "depth": 5,
      "path": "Čl. I > 86",
      "page_number": 9,
      "content_length": 0
    },
    {
      "section_id": "sec_146",
      "title": "",
      "content": "",
      "level": 5,
      "depth": 5,
      "path": "Čl. I > 87",
      "page_number": 9,
      "content_length": 0
    },
    {
      "section_id": "sec_147",
      "title": "",
      "content": "",
      "level": 5,
      "depth": 5,
      "path": "Čl. I > 88",
      "page_number": 10,
      "content_length": 0
    },
    {
      "section_id": "sec_148",
      "title": "",
      "content": "",
      "level": 5,
      "depth": 5,
      "path": "Čl. I > 89",
      "page_number": 10,
      "content_length": 0
    },
    {
      "section_id": "sec_149",
      "title": "",
      "content": "",
      "level": 5,
      "depth": 5,
      "path": "Čl. I > 90",
      "page_number": 10,
      "content_length": 0
    },
    {
      "section_id": "sec_150",
      "title": "",
      "content": "",
      "level": 5,
      "depth": 5,
      "path": "Čl. I > 91",
      "page_number": 10,
      "content_length": 0
    },
    {
      "section_id": "sec_151",
      "title": "",
      "content": "",
      "level": 5,
      "depth": 5,
      "path": "Čl. I > 92",
      "page_number": 10,
      "content_length": 0
    },
    {
      "section_id": "sec_152",
      "title": "",
      "content": "",
      "level": 5,
      "depth": 5,
      "path": "Čl. I > 93",
      "page_number": 10,
      "content_length": 0
    },
    {
      "section_id": "sec_153",
      "title": "",
      "content": "",
      "level": 5,
      "depth": 5,
      "path": "Čl. I > 94",
      "page_number": 10,
      "content_length": 0
    },
    {
      "section_id": "sec_154",
      "title": "",
      "content": "",
      "level": 5,
      "depth": 5,
      "path": "Čl. I > 95",
      "page_number": 10,
      "content_length": 0
    },
    {
      "section_id": "sec_155",
      "title": "",
      "content": "",
      "level": 5,
      "depth": 5,
      "path": "Čl. I > 96",
      "page_number": 10,
      "content_length": 0
    },
    {
      "section_id": "sec_156",
      "title": "",
      "content": "",
      "level": 5,
      "depth": 5,
      "path": "Čl. I > 97",
      "page_number": 10,
      "content_length": 0
    },
    {
      "section_id": "sec_157",
      "title": "",
      "content": "",
      "level": 5,
      "depth": 5,
      "path": "Čl. I > 98",
      "page_number": 10,
      "content_length": 0
    },
    {
      "section_id": "sec_158",
      "title": "",
      "content": "",
      "level": 5,
      "depth": 5,
      "path": "Čl. I > 99",
      "page_number": 10,
      "content_length": 0
    },
    {
      "section_id": "sec_159",
      "title": "",
      "content": "",
      "level": 5,
      "depth": 5,
      "path": "Čl. I > 100",
      "page_number": 10,
      "content_length": 0
    },
    {
      "section_id": "sec_160",
      "title": "",
      "content": "",
      "level": 5,
      "depth": 5,
      "path": "Čl. I > 101",
      "page_number": 10,
      "content_length": 0
    },
    {
      "section_id": "sec_161",
      "title": "",
      "content": "",
      "level": 1,
      "depth": 1,
      "path": "102",
      "page_number": 11,
      "content_length": 0
    },
    {
      "section_id": "sec_162",
      "title": "",
      "content": "",
      "level": 2,
      "depth": 2,
      "path": "102 > c)",
      "page_number": 11,
      "content_length": 0
    },
    {
      "section_id": "sec_163",
      "title": "",
      "content": "",
      "level": 1,
      "depth": 1,
      "path": "103",
      "page_number": 11,
      "content_length": 0
    },
    {
      "section_id": "sec_164",
      "title": "",
      "content": "",
      "level": 1,
      "depth": 1,
      "path": "104",
      "page_number": 11,
      "content_length": 0
    },
    {
      "section_id": "sec_165",
      "title": "",
      "content": "",
      "level": 2,
      "depth": 2,
      "path": "104 > e)",
      "page_number": 11,
      "content_length": 0
    },
    {
      "section_id": "sec_166",
      "title": "",
      "content": "",
      "level": 3,
      "depth": 3,
      "path": "104 > e) > 1.",
      "page_number": 11,
      "content_length": 0
    },
    {
      "section_id": "sec_167",
      "title": "",
      "content": "",
      "level": 3,
      "depth": 3,
      "path": "104 > e) > 2.",
      "page_number": 11,
      "content_length": 0
    },
    {
      "section_id": "sec_168",
      "title": "",
      "content": "",
      "level": 3,
      "depth": 3,
      "path": "104 > e) > 3.",
      "page_number": 11,
      "content_length": 0
    },
    {
      "section_id": "sec_169",
      "title": "",
      "content": "",
      "level": 1,
      "depth": 1,
      "path": "105",
      "page_number": 11,
      "content_length": 0
    },
    {
      "section_id": "sec_170",
      "title": "",
      "content": "",
      "level": 1,
      "depth": 1,
      "path": "106",
      "page_number": 11,
      "content_length": 0
    },
    {
      "section_id": "sec_171",
      "title": "",
      "content": "",
      "level": 1,
      "depth": 1,
      "path": "107",
      "page_number": 11,
      "content_length": 0
    },
    {
      "section_id": "sec_172",
      "title": "",
      "content": "",
      "level": 1,
      "depth": 1,
      "path": "108",
      "page_number": 11,
      "content_length": 0
    },
    {
      "section_id": "sec_173",
      "title": "",
      "content": "",
      "level": 1,
      "depth": 1,
      "path": "109",
      "page_number": 11,
      "content_length": 0
    },
    {
      "section_id": "sec_174",
      "title": "",
      "content": "",
      "level": 2,
      "depth": 2,
      "path": "109 > e)",
      "page_number": 11,
      "content_length": 0
    },
    {
      "section_id": "sec_175",
      "title": "",
      "content": "",
      "level": 1,
      "depth": 1,
      "path": "110",
      "page_number": 11,
      "content_length": 0
    },
    {
      "section_id": "sec_176",
      "title": "",
      "content": "",
      "level": 2,
      "depth": 2,
      "path": "110 > 9.",
      "page_number": 11,
      "content_length": 0
    },
    {
      "section_id": "sec_177",
      "title": "",
      "content": "",
      "level": 1,
      "depth": 1,
      "path": "111",
      "page_number": 11,
      "content_length": 0
    },
    {
      "section_id": "sec_178",
      "title": "",
      "content": "",
      "level": 1,
      "depth": 1,
      "path": "112",
      "page_number": 11,
      "content_length": 0
    },
    {
      "section_id": "sec_179",
      "title": "",
      "content": "",
      "level": 2,
      "depth": 2,
      "path": "112 > 15.",
      "page_number": 11,
      "content_length": 0
    },
    {
      "section_id": "sec_180",
      "title": "",
      "content": "",
      "level": 1,
      "depth": 1,
      "path": "113",
      "page_number": 11,
      "content_length": 0
    },
    {
      "section_id": "sec_181",
      "title": "",
      "content": "",
      "level": 1,
      "depth": 1,
      "path": "114",
      "page_number": 11,
      "content_length": 0
    },
    {
      "section_id": "sec_182",
      "title": "",
      "content": "",
      "level": 1,
      "depth": 1,
      "path": "115",
      "page_number": 12,
      "content_length": 0
    },
    {
      "section_id": "sec_183",
      "title": "",
      "content": "",
      "level": 2,
      "depth": 2,
      "path": "115 > e)",
      "page_number": 12,
      "content_length": 0
    },
    {
      "section_id": "sec_184",
      "title": "",
      "content": "",
      "level": 3,
      "depth": 3,
      "path": "115 > e) > 1.",
      "page_number": 12,
      "content_length": 0
    },
    {
      "section_id": "sec_185",
      "title": "",
      "content": "",
      "level": 3,
      "depth": 3,
      "path": "115 > e) > 2.",
      "page_number": 12,
      "content_length": 0
    },
    {
      "section_id": "sec_186",
      "title": "",
      "content": "",
      "level": 3,
      "depth": 3,
      "path": "115 > e) > 3.",
      "page_number": 12,
      "content_length": 0
    },
    {
      "section_id": "sec_187",
      "title": "",
      "content": "",
      "level": 3,
      "depth": 3,
      "path": "115 > e) > 4.",
      "page_number": 12,
      "content_length": 0
    },
    {
      "section_id": "sec_188",
      "title": "",
      "content": "",
      "level": 3,
      "depth": 3,
      "path": "115 > e) > 5.",
      "page_number": 12,
      "content_length": 0
    },
    {
      "section_id": "sec_189",
      "title": "",
      "content": "",
      "level": 3,
      "depth": 3,
      "path": "115 > e) > 6.",
      "page_number": 12,
      "content_length": 0
    },
    {
      "section_id": "sec_190",
      "title": "",
      "content": "",
      "level": 1,
      "depth": 1,
      "path": "116",
      "page_number": 12,
      "content_length": 0
    },
    {
      "section_id": "sec_191",
      "title": "",
      "content": "",
      "level": 1,
      "depth": 1,
      "path": "117",
      "page_number": 12,
      "content_length": 0
    },
    {
      "section_id": "sec_192",
      "title": "",
      "content": "",
      "level": 1,
      "depth": 1,
      "path": "118",
      "page_number": 12,
      "content_length": 0
    },
    {
      "section_id": "sec_193",
      "title": "",
      "content": "",
      "level": 1,
      "depth": 1,
      "path": "119",
      "page_number": 12,
      "content_length": 0
    },
    {
      "section_id": "sec_194",
      "title": "",
      "content": "",
      "level": 1,
      "depth": 1,
      "path": "120",
      "page_number": 12,
      "content_length": 0
    },
    {
      "section_id": "sec_195",
      "title": "",
      "content": "",
      "level": 1,
      "depth": 1,
      "path": "121",
      "page_number": 12,
      "content_length": 0
    },
    {
      "section_id": "sec_196",
      "title": "",
      "content": "",
      "level": 1,
      "depth": 1,
      "path": "122",
      "page_number": 13,
      "content_length": 0
    },
    {
      "section_id": "sec_197",
      "title": "",
      "content": "",
      "level": 1,
      "depth": 1,
      "path": "123",
      "page_number": 13,
      "content_length": 0
    },
    {
      "section_id": "sec_198",
      "title": "",
      "content": "",
      "level": 2,
      "depth": 2,
      "path": "123 > b)",
      "page_number": 13,
      "content_length": 0
    },
    {
      "section_id": "sec_199",
      "title": "",
      "content": "",
      "level": 1,
      "depth": 1,
      "path": "124",
      "page_number": 13,
      "content_length": 0
    },
    {
      "section_id": "sec_200",
      "title": "",
      "content": "",
      "level": 1,
      "depth": 1,
      "path": "125",
      "page_number": 13,
      "content_length": 0
    },
    {
      "section_id": "sec_201",
      "title": "",
      "content": "",
      "level": 1,
      "depth": 1,
      "path": "126",
      "page_number": 13,
      "content_length": 0
    },
    {
      "section_id": "sec_202",
      "title": "",
      "content": "",
      "level": 1,
      "depth": 1,
      "path": "127",
      "page_number": 13,
      "content_length": 0
    },
    {
      "section_id": "sec_203",
      "title": "",
      "content": "",
      "level": 1,
      "depth": 1,
      "path": "128",
      "page_number": 13,
      "content_length": 0
    },
    {
      "section_id": "sec_204",
      "title": "",
      "content": "",
      "level": 2,
      "depth": 2,
      "path": "128 > h)",
      "page_number": 13,
      "content_length": 0
    },
    {
      "section_id": "sec_205",
      "title": "",
      "content": "",
      "level": 1,
      "depth": 1,
      "path": "129",
      "page_number": 13,
      "content_length": 0
    },
    {
      "section_id": "sec_206",
      "title": "",
      "content": "",
      "level": 1,
      "depth": 1,
      "path": "130",
      "page_number": 13,
      "content_length": 0
    },
    {
      "section_id": "sec_207",
      "title": "",
      "content": "",
      "level": 1,
      "depth": 1,
      "path": "131",
      "page_number": 13,
      "content_length": 0
    },
    {
      "section_id": "sec_208",
      "title": "",
      "content": "",
      "level": 1,
      "depth": 1,
      "path": "132",
      "page_number": 13,
      "content_length": 0
    },
    {
      "section_id": "sec_209",
      "title": "",
      "content": "",
      "level": 1,
      "depth": 1,
      "path": "133",
      "page_number": 13,
      "content_length": 0
    },
    {
      "section_id": "sec_210",
      "title": "",
      "content": "",
      "level": 1,
      "depth": 1,
      "path": "134",
      "page_number": 13,
      "content_length": 0
    },
    {
      "section_id": "sec_211",
      "title": "",
      "content": "",
      "level": 1,
      "depth": 1,
      "path": "135",
      "page_number": 13,
      "content_length": 0
    },
    {
      "section_id": "sec_212",
      "title": "",
      "content": "",
      "level": 1,
      "depth": 1,
      "path": "136",
      "page_number": 13,
      "content_length": 0
    },
    {
      "section_id": "sec_213",
      "title": "",
      "content": "",
      "level": 1,
      "depth": 1,
      "path": "Čl. II",
      "page_number": 13,
      "content_length": 0
    },
    {
      "section_id": "sec_214",
      "title": "Účinnost",
      "content": "",
      "level": 1,
      "depth": 1,
      "path": "Čl. III",
      "page_number": 14,
      "content_length": 0
    }
  ]
}